date,nav
2026-01-07,106.6451
,106.6225
,106.4648
,106.3057
,106.1268
,106.041
,105.985
,105.9219
,105.9003
,105.8482
,105.8455
,105.8125
2026-12-06,105.6864
2026-11-06,105.5737
2026-10-06,105.6569
2026-09-06,105.5793
2026-08-06,105.3084
2026-05-06,105.107
2026-04-06,104.8095
2026-03-06,104.7496
2026-02-06,104.7663
2026-01-06,104.7025
,104.657
,104.5833
,104.5269
,104.5215
,104.3467
,104.285
,104.3826
,104.4216
,104.3791
,104.5968
,104.7318
,104.7371
2026-12-05,104.7585
2026-11-05,104.8053
2026-08-05,104.8696
2026-07-05,104.8762
2026-06-05,104.8043
2026-05-05,104.6166
2026-04-05,104.6544
,104.5706
,104.6594
,104.7428
,104.7771
,104.7091
,104.7652
,104.8473
,104.847
,104.8369
,104.7821
,104.7959
,104.7901
,104.6113
2026-10-04,104.5956
2026-09-04,104.515
2026-08-04,104.3919
2026-07-04,103.9918
2026-06-04,103.9142
2026-02-04,103.8813
,104.0116
,103.9921
,103.9102
,103.9713
,103.9816
,110.6625
,110.9352
,110.9985
,110.9316
,110.9159
,110.9287
2026-12-03,110.9898
2026-11-03,111.1072
2026-10-03,111.0484
2026-09-03,110.9193
2026-06-03,111.0395
2026-05-03,111.0534
2026-04-03,110.9499
2026-02-03,111.0653
,111.0261
,111.0069
,110.9826
,110.9394
,110.8829
,110.807
,110.8613
,110.8682
,110.8409
,110.7584
2026-12-02,110.6309
2026-11-02,110.5056
2026-10-02,110.4293
2026-09-02,110.4233
2026-06-02,110.4173
2026-05-02,110.5985
2026-04-02,110.4477
2026-03-02,110.296
2026-02-02,110.1537
,110.1903
,110.0922
,110.0855
,110.1078
,110.0766
,110.0539
,109.9438
,109.9385
,109.9742
,110.0107
,110.1286
,110.1878
2026-12-01,110.2974
2026-09-01,110.2327
2026-08-01,110.2218
2026-07-01,110.2175
2026-06-01,110.2647
2026-05-01,110.2498
2026-02-01,110.3333
2026-01-01,110.3493
,110.3212
,110.2176
,110.2799
,110.2247
,110.2079
,109.9954
,110.0241
,110.0403
,110.0195
,110.0266
,110.0261
,109.9944
2025-12-12,110.0652
2025-11-12,110.0609
2025-10-12,110.0466
2025-09-12,110.1852
2025-08-12,110.3299
2025-05-12,110.3373
2025-04-12,110.235
2025-03-12,110.2362
2025-02-12,110.2349
2025-01-12,110.211
,110.2615
,110.2743
,110.2658
,110.1924
,110.1322
,110.0708
,110.0882
,110.0771
,110.0205
,109.9756
,109.9725
,109.9907
2025-12-11,109.9947
2025-11-11,109.961
2025-10-11,109.925
2025-07-11,109.8609
2025-06-11,109.8337
2025-04-11,109.7941
2025-03-11,109.7548
,109.6768
,109.6521
,109.6934
,109.6404
,109.6125
,109.5673
,109.5817
,109.6155
,109.5844
,109.5131
,109.4754
,109.4088
,109.3763
2025-10-10,109.2852
2025-09-10,109.2597
2025-08-10,109.2524
2025-07-10,109.2045
2025-06-10,109.0926
2025-03-10,108.9591
2025-01-10,108.8285
,108.7397
,108.6702
,108.617
,108.5859
,108.5708
,108.5131
,108.4428
,108.4552
,108.4538
,108.3787
,108.3802
2025-12-09,108.4006
2025-11-09,108.369
2025-10-09,108.3574
2025-09-09,108.3519
2025-05-09,108.245
2025-04-09,108.1379
2025-03-09,108.0471
2025-02-09,108.0088
2025-01-09,108.0373
,108.0297
,108.066
,107.9266
,108.1037
,108.1096
,108.0985
,108.0899
,108.0083
,108.1271
,108.1543
,107.9901
2025-12-08,108.049
2025-11-08,108.2018
2025-08-08,108.2726
2025-07-08,108.2611
2025-06-08,108.2153
2025-05-08,108.4412
2025-04-08,108.4355
2025-01-08,108.2952
,108.2167
,108.1757
,108.1828
,108.2193
,108.1982
,108.2573
,108.2277
,108.1979
,108.1729
,108.1161
,108.0272
,107.9658
,107.962
,107.9617
2025-11-07,107.9125
2025-10-07,107.8928
2025-09-07,107.8924
2025-08-07,107.9198
2025-07-07,107.9243
2025-04-07,107.8466
2025-03-07,107.8552
2025-02-07,107.7677
2025-01-07,107.6624
,107.5767
,107.4878
,107.5011
,107.511
,107.5733
,107.4577
,107.4384
,107.4465
,107.5716
,107.5644
,107.4387
,107.3575
2025-12-06,107.4825
2025-11-06,107.5439
2025-10-06,107.6421
2025-09-06,107.886
2025-06-06,108.0092
2025-05-06,107.7812
2025-04-06,107.7469
2025-03-06,107.7345
2025-02-06,107.7103
,107.657
,107.6883
,107.6822
,107.6329
,107.6218
,107.5534
,107.5193
,107.4878
,107.2867
,107.1766
,107.0688
,106.9055
,106.7901
,106.6661
2025-09-05,106.2789
2025-08-05,106.3466
2025-07-05,106.5585
2025-06-05,106.5085
2025-05-05,106.5451
2025-02-05,106.4573
,106.4272
,106.4231
,106.3422
,106.2928
,106.3431
,106.3557
,106.2867
,106.1959
,106.0393
,105.9138
,105.8256
2025-11-04,105.7166
2025-09-04,105.595
2025-08-04,105.4798
2025-07-04,105.4895
2025-04-04,105.4731
2025-03-04,105.407
2025-02-04,105.2693
,104.8517
,104.798
,104.5887
,104.4275
,104.3152
,104.2711
,104.1787
,104.0851
,103.9843
,103.8685
,103.8183
,103.7314
2025-12-03,103.6937
2025-11-03,103.6633
2025-10-03,103.6318
2025-07-03,103.5932
2025-06-03,103.577
2025-05-03,103.5156
2025-04-03,103.4961
2025-03-03,103.4915
,103.4542
,103.475
,103.5311
,103.523
,103.4606
,103.4473
,103.428
,103.4024
,103.3587
,103.3413
2025-12-02,103.3327
2025-11-02,103.3491
2025-10-02,103.3119
2025-07-02,103.2983
2025-06-02,103.3557
2025-05-02,103.2887
2025-04-02,103.2096
2025-03-02,103.2079
,103.1194
,103.0995
,103.0631
,103.0551
,103.0191
,102.9
,102.8828
,102.882
,102.833
,102.7722
,102.6971
,102.6846
,102.5547
,102.5067
,102.479
2025-10-01,102.5788
2025-09-01,102.5669
2025-08-01,102.5842
2025-07-01,102.5942
2025-06-01,102.5428
2025-03-01,102.4734
2025-02-01,102.4411
2025-01-01,102.4373
,102.4261
,102.3935
,102.3377
,102.3057
,102.276
,102.2971
,102.2299
,102.2319
,102.3051
,102.2788
,108.8176
,108.7654
2024-12-12,108.76
2024-11-12,108.7714
2024-10-12,108.7512
2024-09-12,108.7124
2024-06-12,108.6492
2024-05-12,108.7127
2024-04-12,108.6652
2024-03-12,108.5772
2024-02-12,108.547
,108.3481
,108.248
,108.2186
,108.234
,108.2199
,108.1301
,108.1547
,108.1459
,108.1144
,108.0265
,108.0513
2024-12-11,108.0534
2024-11-11,108.0457
2024-08-11,107.9884
2024-07-11,107.9237
2024-06-11,107.8879
2024-05-11,107.8874
2024-04-11,107.8739
,107.8015
,107.7881
,107.725
,107.6861
,107.6909
,107.674
,107.6336
,107.5869
,107.6357
,107.6158
,107.6503
,107.6535
,107.6534
,107.6186
2024-11-10,107.5265
2024-10-10,107.504
2024-09-10,107.4772
2024-08-10,107.3126
2024-07-10,107.2487
2024-04-10,107.2257
2024-03-10,107.3076
2024-01-10,107.3237
,107.225
,107.1769
,107.1966
,107.1126
,107.0466
,107.0237
,106.929
,106.8809
,106.7639
,106.7623
,106.6573
2024-12-09,106.5827
2024-11-09,106.5512
2024-10-09,106.4902
2024-09-09,106.4667
2024-06-09,106.4146
2024-05-09,106.4059
2024-04-09,106.3754
2024-03-09,106.3329
2024-02-09,106.3054
,106.2668
,106.2648
,106.2365
,106.1953
,106.1703
,106.1127
,106.0858
,106.0518
,106.0252
,105.9818
,105.9116
,105.8943
,105.8532
2024-12-08,105.8262
2024-09-08,105.7861
2024-08-08,105.7637
2024-07-08,105.7549
2024-06-08,105.7253
2024-05-08,105.7262
2024-02-08,105.5909
2024-01-08,105.5455
,105.5109
,105.5094
,105.5119
,105.4135
,105.3408
,105.2595
,105.2253
,105.223
,105.1758
,105.1452
,105.0855
,105.0151
2024-12-07,104.9292
2024-11-07,104.9227
2024-10-07,104.9009
2024-09-07,104.8761
2024-08-07,104.8485
2024-05-07,104.7786
2024-04-07,104.745
2024-03-07,104.7114
2024-02-07,104.6724
2024-01-07,104.6276
,104.6136
,104.574
,104.5382
,104.5187
,104.5405
,117.8708
,104.4713
,104.432
,104.3994
,104.3524
,104.2704
,104.2366
2024-12-06,104.1778
2024-11-06,104.1556
2024-10-06,104.0928
2024-07-06,104.0351
2024-06-06,103.9979
2024-05-06,103.9001
2024-04-06,103.8414
2024-03-06,104.0983
,103.9547
,103.9279
,103.8954
,103.9118
,103.9153
,103.871
,103.7992
,103.7247
,103.6086
,103.618
,103.5312
,103.4525
,103.4188
2024-10-05,103.3607
2024-09-05,103.3271
2024-08-05,103.3191
2024-07-05,103.3251
2024-06-05,103.3135
2024-03-05,103.16
2024-02-05,103.1097
,103.0514
,103.0161
,102.9593
,102.9493
,102.9549
,102.9532
,102.8818
,102.785
,102.878
,102.834
,102.8695
2024-12-04,102.7853
2024-10-04,102.8998
2024-08-04,102.7894
2024-05-04,102.8278
2024-04-04,102.831
2024-03-04,102.7932
2024-02-04,102.7608
,102.7632
,102.7096
,102.5361
,110.1903
,110.1729
,110.2046
,110.1485
,110.114
,110.144
,110.1319
,110.1196
,110.1303
2024-12-03,110.1246
2024-11-03,110.12
2024-07-03,109.9624
2024-06-03,109.9177
2024-05-03,109.8552
2024-04-03,109.8436
2024-01-03,109.7834
,109.7711
,109.7569
,109.7147
,109.7161
,109.6186
,109.6091
,109.5846
,109.5383
,109.393
,109.3771
,109.2938
,109.3221
2024-12-02,109.3183
2024-09-02,109.2569
2024-08-02,109.2929
2024-07-02,109.2938
2024-06-02,109.2489
2024-05-02,109.2279
2024-02-02,109.2484
2024-01-02,109.1334
,108.9501
,108.9094
,108.8663
,108.7795
,108.7584
,108.756
,108.6634
,108.6691
,108.6641
,108.6565
,108.6546
2024-12-01,108.5277
2024-11-01,108.4768
2024-10-01,108.4687
2024-09-01,108.4351
2024-08-01,108.4013
2024-05-01,108.2934
2024-04-01,108.3068
2024-03-01,108.3033
2024-02-01,108.302
2024-01-01,108.2962
,108.2404
,116.2869
,116.2785
,116.29
,116.1862
,116.1666
,116.1637
,116.146
,116.1498
,116.0675
,115.9449
,115.7767
2023-12-12,115.7387
2023-11-12,115.7213
2023-08-12,115.6975
2023-07-12,115.7012
2023-06-12,115.6714
2023-05-12,115.6087
2023-04-12,115.5786
2023-01-12,115.4928
,115.5118
,115.5248
,115.4606
,115.3487
,115.3838
,115.3956
,115.3462
,115.4124
,115.4046
,115.359
,115.3184
,115.1762
2023-10-11,115.1099
2023-09-11,115.1482
2023-08-11,115.097
2023-07-11,115.0481
2023-06-11,114.9939
2023-03-11,114.9185
2023-02-11,114.8598
2023-01-11,114.7619
,114.7532
,114.7213
,114.6755
,114.6543
,114.6385
,114.5561
,114.5203
,114.5085
,114.5264
,114.5336
,114.515
,114.4576
2023-12-10,114.4277
2023-11-10,114.3772
2023-10-10,114.2773
2023-09-10,114.2335
2023-06-10,114.2282
2023-05-10,114.5152
2023-04-10,114.4301
2023-03-10,114.4257
,114.3746
,114.4022
,114.3858
,114.3926
,114.3437
,114.3346
,114.3068
,114.2257
,114.1634
,114.2468
,114.1471
2023-12-09,114.0096
2023-11-09,114.0239
2023-08-09,114.0015
2023-07-09,114.0437
2023-06-09,113.9571
2023-05-09,113.9984
2023-04-09,113.9843
2023-01-09,113.9205
,113.9005
,113.8834
,113.8467
,113.8221
,113.708
,113.6982
,113.6358
,113.5608
,113.5726
,113.5055
,113.448
,113.4717
2023-11-08,113.4328
2023-10-08,113.4695
2023-09-08,113.4446
2023-08-08,113.4097
2023-07-08,113.4145
2023-04-08,113.3024
2023-03-08,113.3366
2023-02-08,113.371
2023-01-08,113.3502
,113.2955
,113.2233
,113.302
,113.25
,113.2068
,113.252
,113.1867
,113.2135
,113.185
,113.1539
,113.0933
,113.0224
,112.9794
2023-12-07,112.8785
2023-11-07,112.879
2023-10-07,112.7947
2023-07-07,112.7417
2023-06-07,112.7607
2023-05-07,112.7734
2023-04-07,112.7332
2023-03-07,112.6779
,112.6635
,112.6521
,112.6073
,112.5988
,112.5447
,112.5347
,112.5483
,112.5543
,112.5427
,112.4688
,112.4579
,112.4522
,112.4564
2023-12-06,112.4181
2023-09-06,112.3662
2023-08-06,112.3995
2023-07-06,112.4241
2023-06-06,112.3976
2023-05-06,112.35
2023-02-06,112.3136
2023-01-06,112.3041
,112.2328
,112.2149
,112.1994
,112.1609
,112.1468
,112.1392
,112.1072
,112.1196
,111.9729
,111.9625
,111.8786
,111.8439
,111.8017
2023-12-05,111.7357
2023-11-05,111.6912
2023-10-05,111.6632
2023-09-05,111.6494
2023-08-05,111.6462
2023-04-05,111.556
2023-03-05,111.534
2023-02-05,111.4551
,111.3814
,111.3747
,111.3157
,111.2845
,111.2444
,111.1177
,111.0695
,111.0669
,111.029
,110.9947
,110.9273
2023-12-04,110.9134
2023-11-04,110.847
2023-10-04,110.8339
2023-06-04,110.7692
2023-05-04,110.5493
2023-03-04,110.4369
,110.3887
,110.2525
,110.1156
,110.1469
,110.0794
,110.0625
,109.981
,109.9509
,109.8366
,109.7988
,109.8123
,109.7889
,109.7345
2023-10-03,109.5769
2023-09-03,109.541
2023-08-03,109.5103
2023-06-03,109.5313
2023-03-03,109.4874
2023-02-03,109.447
2023-01-03,109.43
,109.4442
,109.4341
,109.4234
,109.409
,109.3818
,109.4182
,109.378
,109.2924
,109.3243
,109.2929
,109.248
,109.2826
2023-10-02,109.2412
2023-09-02,109.2446
2023-08-02,109.2472
2023-07-02,109.2826
2023-06-02,109.2662
2023-03-02,109.2425
2023-02-02,109.2186
2023-01-02,109.1849
,109.0678
,109.0072
,108.9787
,108.9962
,108.9995
,108.9803
,108.9335
,108.9578
,108.929
,108.9098
,108.8945
,108.8441
2023-12-01,108.8154
2023-11-01,108.7682
2023-10-01,108.7409
2023-09-01,108.7189
2023-06-01,108.6235
2023-05-01,108.6405
2023-04-01,108.6262
2023-03-01,108.627
2023-02-01,108.5922
,108.5225
,108.4982
,108.4921
,108.472
,108.4303
,108.4095
,108.3903
,108.3843
,108.4123
,108.3837
,108.3466
,108.3336
,108.3488
,108.2884
2022-12-12,108.2614
2022-09-12,108.1868
2022-08-12,108.1783
2022-07-12,108.1551
2022-06-12,108.1762
2022-05-12,108.1499
2022-02-12,108.0988
2022-01-12,108.0832
,108.0334
,107.99
,107.9959
,107.9066
,107.8882
,107.8393
,107.8369
,107.8002
,107.7527
,107.7346
,107.7065
,107.709
,107.6593
2022-11-11,107.6105
2022-10-11,107.5243
2022-09-11,107.4581
2022-07-11,107.3633
2022-04-11,107.307
2022-03-11,107.2944
2022-02-11,107.303
2022-01-11,107.2818
,107.2729
,107.2137
,107.2349
,107.112
,106.9649
,106.9757
,106.997
,106.9767
,106.9437
,106.7922
,106.812
2022-12-10,106.808
2022-11-10,106.782
2022-10-10,106.8233
2022-07-10,106.8408
2022-06-10,106.8875
2022-04-10,106.8856
2022-03-10,106.8261
,106.7948
,106.7145
,106.6485
,106.6575
,106.6784
,106.6333
,106.7549
,106.8072
,106.824
,106.8748
,106.8585
,106.9084
,106.9625
,106.9983
2022-12-09,106.954
2022-09-09,106.9116
2022-08-09,106.9005
2022-07-09,106.8681
2022-06-09,106.8291
2022-05-09,106.8191
2022-02-09,106.7705
2022-01-09,106.7475
,106.7038
,106.6906
,106.6296
,106.5824
,106.599
,106.5597
,106.5568
,106.5072
,106.5141
,106.5092
2022-12-08,106.3294
2022-11-08,106.3209
2022-10-08,106.2542
2022-08-08,106.1541
2022-05-08,106.1086
2022-04-08,106.2254
2022-03-08,106.15
2022-02-08,106.1993
2022-01-08,106.1219
,106.0066
,105.9484
,105.9293
,105.9161
,105.9141
,105.8449
,105.8401
,105.8304
,105.7996
,105.788
,105.776
,105.776
,105.7695
2022-12-07,105.7093
2022-11-07,105.672
2022-08-07,105.6723
2022-07-07,105.7041
2022-06-07,105.7065
2022-05-07,105.5371
2022-04-07,105.4884
2022-01-07,105.3963
,105.3199
,105.2859
,105.2771
,105.2922
,105.1971
,105.2106
,105.1767
,112.757
,112.7336
,112.5783
,112.5715
,112.5757
,112.583
,112.5985
2022-10-06,112.6848
2022-09-06,112.6487
2022-08-06,112.5902
2022-07-06,112.4553
2022-06-06,112.53
2022-03-06,112.5469
2022-02-06,112.579
2022-01-06,112.5519
,112.6801
,112.6166
,112.5875
,112.5751
,112.5511
,112.5432
,112.5061
,112.4374
,112.4539
,112.4368
,112.4137
,112.3647
2022-12-05,112.433
2022-11-05,112.3991
2022-10-05,112.3479
2022-09-05,112.2672
2022-06-05,112.244
2022-05-05,112.3588
2022-04-05,112.4331
2022-02-05,113.1319
,113.0956
,113.0848
,113.0954
,113.0579
,113.0615
,112.959
,112.956
,112.936
,112.9046
,112.8584
,112.6844
2022-12-04,112.8405
2022-11-04,112.8479
2022-08-04,112.9062
2022-07-04,113.1825
2022-06-04,113.1607
2022-05-04,113.1661
2022-04-04,113.1171
,113.0782
,113.0255
,112.9912
,112.9448
,112.9034
,112.8542
,112.8231
,121.9441
,121.9474
,121.8816
,121.7919
,121.8177
,121.7179
2022-11-03,121.6652
2022-10-03,121.6699
2022-09-03,121.6144
2022-08-03,121.5935
2022-07-03,121.6023
2022-04-03,121.6603
2022-03-03,121.6296
2022-02-03,121.665
,121.7348
,121.7161
,121.7161
,121.7264
,121.6893
,121.7193
,121.6824
,121.6561
,121.6448
,121.6181
,121.6236
2022-11-02,121.5265
2022-10-02,121.4458
2022-09-02,121.2257
2022-08-02,121.1629
2022-04-02,121.0091
2022-03-02,121.0079
2022-02-02,120.9797
2022-01-02,121.041
,121.2264
,121.1287
,121.1095
,121.1535
,121.1248
,121.133
,121.1056
,121.0829
,121.0769
,121.0746
,121.0906
,121.0679
2022-12-01,121.0236
2022-11-01,120.9723
2022-10-01,120.9198
2022-07-01,120.9547
2022-06-01,120.9577
2022-05-01,120.9314
2022-04-01,120.9326
2022-03-01,120.9791
,120.9424
,120.9049
,120.9039
,120.8977
,120.9367
,120.886
,120.8813
,120.8645
,132.1135
,132.1983
,132.2288
,132.2637
,132.2563
,132.2368
,132.1789
2021-10-12,132.1656
2021-09-12,132.162
2021-08-12,132.1611
2021-07-12,132.0998
2021-06-12,132.0903
2021-03-12,132.0162
2021-02-12,132.0146
2021-01-12,131.9697
,131.9668
,131.9194
,131.8818
,131.8704
,131.8645
,131.8686
,131.858
,131.7944
,131.7489
,131.7479
,131.7417
2021-12-11,131.6894
2021-11-11,131.6866
2021-10-11,131.659
2021-09-11,131.6599
2021-08-11,131.6163
2021-03-11,131.4386
2021-02-11,131.3907
2021-01-11,131.3951
,131.3687
,131.396
,131.4254
,131.4286
,131.5009
,131.4697
,131.4413
,131.3437
,131.3686
,131.3603
,131.3582
2021-12-10,131.2981
2021-11-10,131.2562
2021-08-10,131.2335
2021-07-10,131.2265
2021-06-10,131.2459
2021-05-10,131.2616
2021-04-10,131.3094
2021-01-10,131.2393
,131.2526
,131.2328
,131.3044
,131.258
,131.2694
,131.3554
,131.3513
,131.3316
,131.3222
,131.2591
,131.2345
,131.1996
,144.1251
,144.1118
2021-09-09,144.0574
2021-08-09,144.0275
2021-07-09,144.0042
2021-06-09,144.0148
2021-03-09,143.9699
2021-02-09,143.9444
2021-01-09,143.8746
,143.7984
,143.7535
,143.6277
,143.5893
,143.5853
,143.5629
,143.5597
,143.5164
,143.4818
,143.3696
,143.2392
2021-12-08,143.136
2021-11-08,143.0625
2021-10-08,143.0486
2021-09-08,142.9661
2021-06-08,142.91
2021-05-08,143.021
2021-04-08,142.9647
2021-03-08,142.9404
2021-02-08,142.9005
,142.839
,142.8184
,142.8006
,142.7747
,142.719
,142.6218
,142.6239
,142.6213
,142.5654
,142.5092
,142.3806
,142.2968
,142.2948
2021-12-07,142.1602
2021-09-07,142.2029
2021-08-07,142.1696
2021-07-07,142.0218
2021-06-07,141.942
2021-05-07,142.0229
2021-02-07,141.9245
2021-01-07,141.9515
,141.9021
,155.1137
,155.1258
,155.1462
,155.1814
,155.1573
,155.1506
,155.1952
,155.1221
,155.0726
,155.0843
,155.2961
,155.429
2021-11-06,155.3755
2021-10-06,155.3161
2021-09-06,155.2699
2021-08-06,155.1383
2021-07-06,155.1117
2021-04-06,154.9869
2021-03-06,154.9384
2021-02-06,154.8632
2021-01-06,154.8506
,154.8591
,154.8325
,154.8336
,154.783
,154.7069
,154.6417
,154.6073
,154.599
,154.4638
,154.4002
,154.3309
2021-12-05,154.3311
2021-11-05,154.341
2021-10-05,154.2372
2021-07-05,154.1903
2021-06-05,154.1495
2021-05-05,154.1232
2021-04-05,154.0742
2021-03-05,154.0501
,153.951
,153.8646
,153.8557
,153.7634
,153.6353
,153.459
,153.3766
,153.322
,153.2788
,153.1445
,153.2182
2021-12-04,153.3259
2021-09-04,153.2609
2021-08-04,153.1697
2021-07-04,153.1454
2021-06-04,153.2101
2021-05-04,153.0069
,152.7457
,152.6579
,152.5344
,152.4514
,152.3847
,152.2243
,151.8479
,151.6387
,151.3901
,151.3473
,151.3172
,151.3381
2021-12-03,151.6323
2021-10-03,151.712
2021-09-03,151.7148
2021-08-03,151.7216
2021-05-03,151.6682
2021-04-03,151.6971
2021-03-03,151.6682
2021-02-03,151.6292
2021-01-03,151.5474
,151.4836
,159.5286
,159.5155
,159.4945
,159.5796
,159.7964
,159.8489
,159.8868
,159.817
2021-12-02,159.745
2021-11-02,159.676
2021-10-02,159.5324
2021-09-02,159.5233
2021-08-02,159.6672
2021-05-02,159.5631
2021-04-02,159.7473
2021-03-02,159.7469
2021-02-02,159.6745
2021-01-02,160.0612
,160.5977
,160.5833
,160.5509
,160.5232
,160.4748
,160.5205
,160.4846
,160.3918
,160.3776
,160.6112
,160.6885
,160.9046
2021-12-01,160.9495
2021-11-01,161.1259
2021-08-01,161.3775
2021-07-01,161.2821
2021-06-01,161.2295
2021-05-01,161.2313
2021-04-01,161.0439
2021-01-01,160.8997
,160.8071
,160.7819
,160.7133
,160.6676
,160.516
,160.4658
,160.403
,160.3923
,160.4386
,160.4015
,160.3832
,160.3865
,160.3316
2020-11-12,160.2922
2020-10-12,160.344
2020-09-12,160.3147
2020-08-12,160.3514
2020-07-12,160.3502
2020-04-12,160.3103
2020-03-12,160.1281
2020-02-12,160.1204
2020-01-12,160.2519
,160.2778
,160.2708
,160.1039
,159.983
,159.9304
,159.8527
,159.7636
,159.5898
,159.5333
,159.4146
2020-12-11,159.3624
2020-11-11,159.2531
2020-10-11,159.229
2020-09-11,159.2568
2020-06-11,159.2468
2020-05-11,159.1355
2020-04-11,158.9374
2020-03-11,158.9366
2020-02-11,158.9295
,158.8367
,158.857
,158.8713
,158.8975
,158.6936
,158.5705
,158.5983
,158.5896
,158.4601
,158.3327
,158.3381
,158.1982
,158.0762
2020-12-10,157.882
2020-09-10,157.7498
2020-08-10,157.086
2020-07-10,156.9459
2020-06-10,156.8394
2020-05-10,156.763
2020-01-10,156.6388
,156.4483
,156.3187
,156.3511
,156.3293
,156.37
,156.4026
,156.3459
,156.2995
,156.2039
,156.1649
,156.1146
,156.0004
,156.1284
2020-11-09,156.1152
2020-10-09,156.1513
2020-09-09,156.2123
2020-08-09,156.1916
2020-07-09,156.5535
2020-04-09,156.774
2020-03-09,156.7417
2020-02-09,156.5163
2020-01-09,156.4621
,155.7972
,155.1542
,155.293
,155.3989
,155.4841
,155.3393
,155.6426
,156.1183
,156.0408
,156.0848
,156.1178
,156.1109
,156.2204
2020-12-08,156.1023
2020-11-08,156.1703
2020-10-08,156.1579
2020-07-08,156.1963
2020-06-08,156.273
2020-05-08,156.4515
2020-04-08,156.4151
2020-03-08,156.3569
,156.2908
,156.1385
,156.0698
,156.0234
,156.1419
,156.2363
,156.2261
,156.1462
,156.218
,156.312
,156.2261
,156.1683
,156.1332
,155.9369
,156.0307
2020-10-07,155.929
2020-09-07,155.6112
2020-08-07,155.4959
2020-07-07,155.2208
2020-06-07,154.9799
2020-03-07,154.7628
2020-02-07,154.6381
2020-01-07,154.4707
,154.3407
,154.1954
,154.0384
,153.8658
,153.6871
,153.6661
,153.438
,153.2792
,152.9942
,152.6873
,152.463
,152.2922
2020-12-06,152.1202
2020-11-06,152.0797
2020-10-06,151.9285
2020-09-06,151.8323
2020-08-06,151.7545
2020-05-06,151.7947
2020-04-06,151.7144
2020-03-06,151.7291
2020-02-06,151.5887
2020-01-06,151.7027
,151.8458
,151.8499
,151.8831
,151.9123
,151.835
,151.1568
,151.0347
,150.8998
,150.7375
,150.5483
,150.5497
,150.1633
2020-12-05,149.9687
2020-11-05,149.6699
2020-08-05,150.1326
2020-06-05,149.8549
2020-05-05,149.4229
2020-04-05,149.0855
,148.6556
,148.549
,148.5148
,148.6922
,148.6647
,149.5527
,149.0793
,149.0212
,148.7201
,147.947
,147.1239
,146.8633
,146.5785
2020-09-04,146.4196
2020-08-04,146.4112
2020-07-04,147.1769
2020-03-04,147.8815
,148.1709
,147.6988
,147.851
,144.1796
,143.8304
,143.7194
,144.6272
,143.9765
,145.1779
,145.7796
,146.3857
,146.4248
2020-12-03,147.1302
2020-11-03,147.9299
2020-09-03,148.1911
2020-06-03,148.22
2020-05-03,148.039
2020-04-03,148.0648
2020-03-03,147.6457
2020-02-03,147.6198
,147.542
,147.6783
,147.7681
,157.0423
,157.1105
,156.9353
,156.9444
,157.0124
,156.828
,156.7233
2020-12-02,156.5516
2020-11-02,156.5581
2020-10-02,156.5138
2020-07-02,156.3627
2020-06-02,155.9182
2020-05-02,155.3768
2020-04-02,155.3587
2020-03-02,155.2432
,154.9392
,154.9146
,154.8904
,154.9202
,154.8703
,154.749
,154.6714
,154.5903
,154.4776
,154.4228
,154.3249
,154.2713
,154.1889
,154.1151
,154.2362
2020-10-01,154.1672
2020-09-01,154.2202
2020-08-01,154.127
2020-07-01,154.0751
2020-06-01,154.0036
2020-03-01,154.0323
2020-02-01,153.8742
2020-01-01,153.8193
,153.7054
,153.701
,153.6346
,153.5576
,153.5626
,153.5537
,153.4572
,153.1526
,153.1337
,153.0346
,152.9814
,152.8576
2019-12-12,152.9682
2019-11-12,152.9832
2019-10-12,153.0738
2019-09-12,153.1183
2019-06-12,153.1405
2019-05-12,153.2483
2019-04-12,153.7405
2019-03-12,153.6259
2019-02-12,153.6046
,153.5381
,153.4934
,153.3903
,153.3485
,153.296
,153.1436
,153.0927
,153.0708
,152.9853
,152.9316
,152.7979
,152.6957
,152.5581
2019-11-11,152.4214
2019-08-11,152.3985
2019-07-11,152.4911
2019-06-11,152.4607
2019-05-11,152.4692
2019-04-11,152.4901
2019-01-11,152.4285
,152.3324
,152.1072
,151.965
,151.8433
,151.7896
,151.6974
,151.5632
,151.4029
,151.266
,151.2289
,151.1294
,151.0676
2019-11-10,150.938
2019-10-10,150.8965
2019-09-10,150.861
2019-07-10,150.8064
2019-04-10,150.7287
2019-03-10,150.7936
2019-01-10,150.5812
,150.4539
,150.2231
,150.2039
,150.1731
,150.1503
,150.1778
,150.0993
,150.6828
,150.6191
,150.3688
,150.4476
,150.4937
2019-12-09,150.3828
2019-11-09,150.4797
2019-09-09,150.5778
2019-06-09,150.3414
2019-05-09,150.4076
2019-04-09,150.4906
2019-03-09,150.4088
,150.1076
,150.0625
,150.1914
,150.2496
,150.2418
,149.9347
,149.8404
,149.6765
,149.4864
,149.373
,149.3311
,149.0809
,149.4511
2019-09-08,149.4248
2019-08-08,149.6843
2019-07-08,149.5577
2019-06-08,149.4147
2019-05-08,149.2155
2019-02-08,149.3724
2019-01-08,149.0367
,149.0512
,148.892
,148.7487
,148.3704
,148.3413
,148.6858
,148.6097
,148.7174
,148.8542
,148.8109
,148.8778
,148.9102
,148.5678
2019-12-07,148.2944
2019-11-07,148.2166
2019-10-07,148.0034
2019-09-07,147.8228
2019-08-07,147.8277
2019-05-07,147.2972
2019-04-07,146.9134
2019-03-07,146.678
2019-02-07,146.4817
2019-01-07,146.3903
,146.3797
,146.3061
,146.2151
,146.3663
,146.4771
,146.4745
,146.6796
,146.5025
,146.4654
,146.1223
,146.087
,145.8517
2019-12-06,145.775
2019-11-06,145.6404
2019-10-06,145.5955
2019-07-06,145.8035
2019-06-06,146.0295
2019-04-06,145.6843
2019-03-06,145.7548
,145.5041
,145.1312
,145.1587
,145.1418
,145.0011
,144.51
,144.3538
,144.0646
,144.0003
,143.9976
,143.6887
,143.5546
,143.5038
,143.4783
,143.3346
2019-10-05,143.2079
2019-09-05,143.18
2019-08-05,143.1504
2019-07-05,143.0787
2019-06-05,143.0201
2019-03-05,142.9162
2019-02-05,142.9669
,142.9462
,142.8116
,142.7254
,142.817
,142.717
,142.7099
,142.8003
,142.7755
,142.7628
2019-12-04,142.8054
2019-11-04,142.8471
2019-10-04,142.9046
2019-09-04,142.8298
2019-08-04,142.8229
2019-05-04,142.9577
2019-04-04,143.0993
2019-03-04,143.216
2019-02-04,143.2454
,142.8143
,142.444
,142.4266
,142.4063
,142.4171
,152.9006
,152.7699
,152.7005
,152.7412
,152.5838
,152.4552
,152.2831
2019-12-03,152.2662
2019-11-03,152.1524
2019-08-03,151.9735
2019-07-03,151.8551
2019-06-03,151.7285
2019-05-03,151.6357
2019-01-03,151.443
,151.357
,151.2991
,151.362
,151.3599
,151.2599
,151.2293
,151.2149
,151.131
,151.1932
,151.2698
,151.3451
2019-12-02,151.05
2019-11-02,151.0908
2019-08-02,151.009
2019-07-02,150.9077
2019-06-02,150.6666
2019-05-02,150.5966
2019-04-02,150.5633
2019-01-02,150.5492
,150.7049
,150.6693
,150.6845
,150.6576
,150.5547
,150.5348
,150.5101
,150.5028
,150.3954
,150.4759
,150.4768
,150.4555
,150.4854
,150.456
2019-11-01,150.2791
2019-10-01,150.1803
2019-09-01,150.1373
2019-08-01,150.0955
2019-07-01,149.9279
2019-04-01,149.8954
2019-03-01,149.8859
2019-02-01,149.9431
2019-01-01,149.8452
,149.9206
,149.7844
,149.9247
,149.8596
,149.6544
,149.563
,149.5464
,149.5278
,149.195
,149.0283
,148.9564
,149.0154
2018-12-12,149.0278
2018-11-12,148.8009
2018-10-12,148.7642
2018-07-12,149.0015
2018-06-12,149.0535
2018-05-12,148.846
2018-04-12,148.5429
2018-03-12,148.4128
,148.3579
,148.2735
,148.1433
,147.9633
,147.9388
,147.8603
,147.635
,147.5923
,147.4611
,147.5302
,147.492
,147.3771
2018-12-11,147.2561
2018-09-11,147.2208
2018-06-11,147.0712
2018-05-11,147.0216
2018-02-11,146.9597
2018-01-11,146.8128
,146.7339
,146.7452
,146.7445
,146.59
,146.6004
,146.6004
,146.5481
,146.5009
,146.4328
,146.3738
,146.3846
,146.2801
2018-12-10,146.0817
2018-11-10,146.0455
2018-10-10,145.9908
2018-09-10,145.9393
2018-08-10,146.0791
2018-05-10,145.947
2018-04-10,145.5923
2018-03-10,145.7273
2018-01-10,145.82
,145.6347
,145.5014
,145.1397
,145.0404
,145.129
,145.2703
,145.2511
,145.1769
,145.1591
,145.0718
2018-12-09,144.9921
2018-11-09,144.9724
2018-10-09,145.0029
2018-07-09,145.1503
2018-06-09,145.0798
2018-05-09,145.064
2018-04-09,145.091
2018-03-09,145.1981
,145.157
,145.153
,145.1777
,145.1743
,145.1487
,145.0713
,145.063
,145.0737
,145.0363
,144.8889
,144.8983
,144.8638
2018-10-08,144.8834
2018-09-08,144.8547
2018-08-08,144.7751
2018-07-08,144.736
2018-06-08,144.7287
2018-03-08,144.6829
2018-02-08,144.717
2018-01-08,144.6898
,144.5473
,144.4708
,144.3967
,144.3561
,144.2857
,144.2543
,144.2217
,144.1651
,144.1604
,144.1784
,144.1534
,144.0332
,143.9932
2018-12-07,143.9137
2018-11-07,143.7636
2018-10-07,143.7153
2018-09-07,143.6666
2018-06-07,143.5656
2018-05-07,143.5272
2018-04-07,143.5283
2018-03-07,143.418
2018-02-07,143.3715
,143.2428
,143.195
,143.2581
,143.3068
,143.2898
,143.2155
,143.2127
,143.0785
,142.9936
,142.9393
,142.7832
,142.6874
,142.5907
2018-12-06,142.4837
2018-11-06,142.4551
2018-08-06,142.4035
2018-07-06,142.2812
2018-06-06,142.3972
2018-05-06,142.4665
2018-04-06,142.3998
2018-01-06,142.3674
,142.42
,142.5296
,142.4726
,142.4224
,142.2487
,142.1165
,142.1357
,142.1472
,142.1174
,142.0857
,141.9005
,141.9575
,142.0914
,142.2398
2018-11-05,142.2857
2018-10-05,142.3077
2018-09-05,142.3563
2018-08-05,142.5187
2018-07-05,142.4808
2018-04-05,142.3165
2018-03-05,142.3179
2018-02-05,142.3015
,142.0784
,142.1109
,142.2185
,142.3569
,142.3797
,142.3818
,142.5817
,142.8035
,142.9028
,142.9083
,142.8596
2018-12-04,142.8123
2018-11-04,142.7892
2018-10-04,142.9838
2018-09-04,143.1851
2018-06-04,143.1533
2018-05-04,143.1275
2018-04-04,142.7382
2018-03-04,142.7428
,142.4392
,142.3556
,141.858
,141.8272
,141.7848
,141.7391
,141.7269
,141.7148
,141.6912
,141.4873
,141.3686
,141.3517
2018-12-03,141.271
2018-09-03,141.0964
2018-08-03,141.0882
2018-07-03,140.9803
2018-06-03,140.77
2018-05-03,140.7265
2018-01-03,140.6243
,140.6412
,140.649
,149.9922
,149.9491
,149.8158
,149.9303
,149.9696
,150.0015
,149.9765
,150.0741
2018-12-02,149.9962
2018-09-02,149.9118
2018-08-02,149.8999
2018-07-02,149.7571
2018-06-02,149.6109
2018-05-02,149.5419
2018-02-02,149.4766
2018-01-02,149.4309
,149.7354
,149.6944
,149.7264
,149.7498
,149.783
,149.8059
,149.6942
,149.6247
,149.6057
,149.6553
,149.44
,149.6009
2018-12-01,149.4891
2018-11-01,149.4769
2018-10-01,149.4919
2018-09-01,149.6376
2018-08-01,149.663
2018-05-01,149.6129
2018-04-01,149.4562
2018-03-01,149.5011
2018-02-01,149.4785
2018-01-01,149.4635
,149.4545
,149.1113
,149.3157
,149.2864
,149.2793
,149.3699
,149.4474
,149.559
,149.5292
,149.4853
,149.5076
,149.4922
2017-12-12,149.544
2017-11-12,149.5962
2017-08-12,149.6701
2017-07-12,149.6687
2017-06-12,149.6636
2017-05-12,149.6015
2017-04-12,149.5704
,149.4913
,149.4737
,149.4371
,149.4131
,149.3708
,149.3581
,149.4299
,149.5741
,149.5677
,149.2227
,149.1355
,149.2653
,149.2009
,149.3946
2017-10-11,149.3439
2017-09-11,149.335
2017-08-11,149.2964
2017-07-11,149.2845
2017-06-11,149.3344
2017-03-11,149.2935
2017-02-11,149.2423
2017-01-11,149.1872
,149.166
,149.1095
,149.116
,149.1089
,149.0757
,149.0872
,149.0299
,148.9933
,148.9725
,148.9557
,148.8495
2017-12-10,148.7248
2017-11-10,148.6958
2017-10-10,148.6506
2017-09-10,148.6113
2017-06-10,148.5744
2017-05-10,148.5783
2017-04-10,148.6351
2017-03-10,148.7205
,148.491
,148.4835
,148.3767
,148.362
,148.4371
,148.2649
,148.2842
,148.5343
,148.4897
,148.4466
,148.4365
,148.4631
,148.4446
2017-12-09,148.48
2017-11-09,148.5133
2017-08-09,148.4706
2017-07-09,148.4821
2017-06-09,148.4973
2017-05-09,148.4461
2017-04-09,148.4419
2017-01-09,148.359
,148.181
,148.1091
,148.0933
,148.0222
,147.945
,147.9146
,147.9018
,147.903
,147.8182
,147.7053
,147.7087
2017-11-08,147.6561
2017-10-08,147.6744
2017-09-08,147.7244
2017-08-08,147.7057
2017-07-08,147.6821
2017-04-08,147.6495
2017-03-08,147.6212
2017-02-08,147.3359
2017-01-08,147.2654
,147.1981
,147.1604
,147.1708
,147.0997
,147.1373
,147.1328
,146.9821
,146.8157
,146.7668
,146.6789
,146.6141
,146.4802
,146.4568
2017-12-07,146.3824
2017-11-07,146.3105
2017-10-07,146.2443
2017-07-07,145.9888
2017-06-07,145.9371
2017-05-07,145.8498
2017-04-07,145.7582
2017-03-07,145.6663
,145.8394
,145.8476
,145.8491
,145.9449
,145.8813
,145.8735
,145.8889
,145.8016
,145.7742
,145.6798
,145.6979
,145.6607
,145.6403
2017-12-06,145.5341
2017-09-06,145.4447
2017-08-06,145.3316
2017-07-06,144.9507
2017-06-06,144.5701
2017-05-06,144.5409
2017-02-06,144.495
2017-01-06,144.4377
,144.2526
,144.1695
,144.139
,144.139
,144.0182
,143.9093
,143.8682
,143.7899
,143.6111
,143.5992
,143.5683
,143.5436
,143.5718
2017-12-05,143.191
2017-11-05,143.0782
2017-09-05,143.0225
2017-08-05,143.0171
2017-05-05,142.8881
2017-04-05,142.781
2017-03-05,142.7804
2017-02-05,142.7261
,142.7091
,142.7118
,142.7088
,142.8376
,142.7063
,142.6345
,142.7991
,142.7966
,142.6525
,142.6317
,142.5844
2017-12-04,142.4196
2017-11-04,142.2557
2017-10-04,142.0721
2017-07-04,141.9749
2017-06-04,142.0344
2017-05-04,142.456
2017-03-04,142.491
,142.3365
,142.2701
,142.1405
,142.1702
,141.7796
,141.7341
,141.6441
,141.1567
,141.0427
,141.0134
,141.011
,140.8803
,140.4476
2017-10-03,140.3602
2017-09-03,140.5925
2017-08-03,140.6217
2017-07-03,140.6715
2017-06-03,140.7214
2017-03-03,140.8939
2017-02-03,140.6931
2017-01-03,140.6291
,140.8785
,140.8612
,140.656
,140.5482
,140.7201
,140.8544
,140.855
,140.7425
,140.6769
,140.7741
2017-10-02,140.6958
2017-09-02,140.3961
2017-08-02,141.0498
2017-07-02,142.8426
2017-06-02,142.8673
2017-03-02,142.8411
2017-02-02,142.8498
2017-01-02,142.708
,142.6513
,142.6424
,142.5803
,142.5021
,142.4236
,142.362
,142.294
,142.2584
,142.3467
,142.4058
,142.3247
,142.3455
2017-12-01,142.4383
2017-11-01,142.2559
2017-10-01,142.2226
2017-09-01,142.1957
2017-06-01,142.1645
2017-05-01,142.1662
2017-04-01,142.1884
2017-03-01,141.8637
2017-02-01,142.0128
,141.0653
,140.8539
,140.4799
,140.4635
,140.5763
,140.754
,140.8922
,141.1187
,141.0514
,140.9731
,140.9144
,140.9543
,141.4995
,141.4149
2016-09-12,141.2674
2016-08-12,141.328
2016-07-12,141.4759
2016-06-12,142.7747
2016-05-12,142.6727
2016-02-12,142.5539
2016-01-12,142.6678
,142.5417
,142.2212
,142.3286
,142.7966
,142.9418
,142.3794
,142.0614
,142.0013
,141.2116
,141.2957
,141.2151
,140.6312
2016-11-11,139.5813
2016-10-11,139.7669
2016-09-11,139.5353
2016-08-11,139.0289
2016-07-11,138.9342
2016-04-11,138.8435
2016-03-11,138.9047
2016-02-11,138.9201
2016-01-11,138.9285
,138.9002
,138.8932
,138.9324
,138.917
,138.9892
,138.9252
,138.92
,138.9686
,138.9771
,138.8696
,138.8584
,138.9711
2016-10-10,139.0035
2016-07-10,138.7764
2016-06-10,138.8924
2016-05-10,138.9268
2016-04-10,138.5007
2016-03-10,138.2415
,137.8665
,137.7307
,138.0284
,137.947
,137.8324
,137.5601
,137.4241
,137.097
,136.9986
,137.0139
,136.971
,136.8926
,136.8219
2016-12-09,136.85
2016-09-09,136.9063
2016-08-09,136.8589
2016-07-09,136.7979
2016-06-09,136.541
2016-02-09,136.3517
2016-01-09,136.3584
,136.3515
,136.312
,136.2205
,136.0743
,136.0296
,135.9112
,135.7506
,135.7183
,135.8687
,135.7343
,135.8902
2016-12-08,135.8182
2016-11-08,135.8291
2016-10-08,135.5838
2016-09-08,135.3606
2016-08-08,135.0387
2016-05-08,134.9377
2016-04-08,134.8655
2016-03-08,134.7377
2016-02-08,134.8488
2016-01-08,134.9712
,134.7325
,134.5985
,134.1788
,134.1531
,134.0989
,133.9622
,133.8544
,133.7495
,133.6134
,133.4825
,133.4658
,133.3927
,133.3212
2016-12-07,133.0156
2016-11-07,132.6835
2016-08-07,132.5679
2016-07-07,132.5112
2016-05-07,132.3858
2016-04-07,132.1492
2016-01-07,132.0459
,131.8646
,131.8008
,131.7077
,131.6653
,131.4875
,131.4681
,131.4024
,131.3168
,131.2455
,131.1983
,131.1648
,131.088
,131.0472
,131.0126
2016-10-06,131.0328
2016-09-06,131.006
2016-08-06,130.9713
2016-07-06,130.9498
2016-06-06,130.9418
2016-03-06,130.8097
2016-02-06,130.7746
2016-01-06,130.7344
,130.7549
,130.7441
,130.6615
,130.6326
,130.6325
,130.6043
,130.5755
,130.4614
,130.4821
,130.4225
,130.4413
,130.426
,130.3528
2016-12-05,130.371
2016-11-05,130.3016
2016-10-05,130.2617
2016-09-05,130.2163
2016-06-05,130.0972
2016-05-05,130.0702
2016-04-05,130.0353
2016-03-05,129.9719
2016-02-05,129.9765
,129.9119
,129.8405
,129.7993
,129.7797
,129.7723
,129.7155
,129.6356
,129.7601
,129.752
,129.5595
2016-12-04,129.6858
2016-11-04,129.6038
2016-07-04,129.3494
2016-06-04,129.1903
2016-05-04,129.0831
2016-04-04,129.038
,128.5789
,128.2653
,128.2341
,128.3103
,128.0675
,128.0579
,128.0543
,127.7673
,127.7124
,127.3719
,127.1887
,127.0352
2016-11-03,126.7653
2016-10-03,126.723
2016-09-03,126.6695
2016-08-03,126.6189
2016-04-03,126.4923
2016-03-03,126.2671
2016-02-03,126.329
2016-01-03,126.3215
,126.2203
,125.1214
,124.949
,125.2591
,125.3408
,125.6262
,125.6948
,125.6237
,125.7149
,125.8746
2016-12-02,125.9254
2016-11-02,125.9517
2016-10-02,125.9592
2016-09-02,125.937
2016-08-02,125.9596
2016-05-02,125.9207
2016-04-02,125.8428
2016-03-02,125.7466
2016-02-02,125.809
2016-01-02,125.9933
,125.9632
,125.8512
,125.8925
,125.8071
,125.8176
,125.8865
,125.7354
,125.6369
,125.4931
,125.4498
,125.5527
,125.6079
2016-12-01,125.6591
2016-11-01,125.7259
2016-08-01,125.7146
2016-07-01,125.6648
2016-06-01,125.5842
2016-05-01,125.538
2016-04-01,125.4695
2016-01-01,125.3359
,125.202
,125.18
,125.097
,125.1004
,125.0151
,124.8958
,124.826
,124.8784
,124.9378
,124.852
,124.6736
,124.6657
2015-11-12,124.7011
2015-10-12,124.6787
2015-09-12,124.6578
2015-08-12,124.6356
2015-07-12,124.7185
2015-04-12,124.672
2015-03-12,124.7928
2015-02-12,124.6293
2015-01-12,124.6288
,124.4419
,124.423
,124.5172
,124.5215
,124.4523
,124.4288
,124.5005
,124.4731
,124.471
,124.5039
,124.4146
2015-10-11,124.236
2015-09-11,124.1346
2015-06-11,124.1927
2015-05-11,124.1902
2015-04-11,124.2333
2015-03-11,124.2894
2015-02-11,124.2771
,124.1571
,124.1596
,124.2162
,124.1443
,124.0884
,124.1065
,124.0459
,124.0561
,124.0158
,123.9423
,123.9272
,123.8612
,123.7951
2015-12-10,123.7532
2015-09-10,123.8076
2015-08-10,123.7508
2015-07-10,123.6703
2015-06-10,123.7049
2015-05-10,123.7102
2015-01-10,123.4236
,123.4889
,123.1053
,122.4558
,122.3672
,122.3206
,122.3174
,122.338
,122.2648
,121.9789
,121.9858
,121.9531
2015-11-09,121.8402
2015-10-09,121.8109
2015-09-09,121.8833
2015-08-09,121.8281
2015-07-09,121.7402
2015-04-09,121.7976
2015-03-09,121.8344
2015-02-09,121.8592
2015-01-09,121.8545
,121.7255
,121.688
,121.6848
,121.5738
,121.4763
,121.2877
,121.5475
,121.6568
,121.6068
,121.5407
,121.4723
,121.3935
2015-12-08,121.1846
2015-11-08,121.1502
2015-10-08,121.1234
2015-07-08,120.9962
2015-06-08,120.9792
2015-05-08,120.864
2015-04-08,120.8481
2015-03-08,120.9192
,120.858
,120.7773
,120.7768
,120.7053
,120.5074
,120.411
,120.4142
,120.3286
,120.2742
,120.227
,120.1974
,120.1474
,120.1371
,120.0999
,119.9544
2015-10-07,120.1484
2015-09-07,120.0964
2015-08-07,120.0759
2015-07-07,120.0419
2015-06-07,120.0581
2015-03-07,119.8612
2015-02-07,119.7538
2015-01-07,119.6428
,119.4628
,119.3389
,119.5192
,119.4568
,119.586
,119.7242
,119.7631
,119.761
,119.5056
,119.1569
,118.9396
,119.029
2015-12-06,118.8557
2015-11-06,118.8986
2015-10-06,119.091
2015-09-06,119.1989
2015-08-06,119.0629
2015-05-06,119.0347
2015-04-06,118.9151
2015-03-06,119.0994
2015-02-06,119.1982
2015-01-06,119.5416
,119.4459
,119.3367
,119.2361
,119.1981
,119.2195
,119.1641
,119.0962
,119.0625
,119.0042
,118.8277
,118.638
,118.5984
,118.5796
2015-12-05,118.5949
2015-11-05,118.671
2015-08-05,118.3858
2015-07-05,118.376
2015-06-05,118.6148
2015-05-05,118.7349
,118.6387
,118.7676
,118.8214
,118.7981
,118.7424
,118.7552
,118.7833
,118.7199
,118.6696
,118.6016
,118.6022
,118.5848
,118.5303
2015-10-04,118.4427
2015-09-04,118.4202
2015-08-04,118.3201
2015-07-04,118.3426
2015-06-04,118.3359
,118.0538
,117.8781
,117.7888
,117.7366
,117.721
,117.7014
,117.6634
,117.6167
,117.5422
,117.4713
,117.4812
,117.4257
,117.3557
2015-12-03,117.4767
2015-11-03,117.412
2015-10-03,117.4224
2015-09-03,117.449
2015-05-03,117.4822
2015-04-03,117.4492
2015-03-03,117.2102
2015-02-03,117.2585
,117.1873
,117.1316
,117.136
,117.0714
,116.9984
,116.9274
,116.8588
,116.8223
,116.7452
2015-12-02,116.6546
2015-11-02,116.669
2015-10-02,116.6639
2015-09-02,116.6428
2015-06-02,116.6382
2015-05-02,116.6397
2015-04-02,116.6401
2015-03-02,116.6952
2015-02-02,116.7716
,116.5922
,116.583
,116.5474
,116.4896
,116.4146
,116.3811
,116.3456
,116.2527
,116.243
,116.1579
,115.9938
,115.6112
,115.5874
2015-12-01,115.4215
2015-09-01,115.2179
2015-08-01,115.1534
2015-07-01,115.0964
2015-06-01,115.0098
2015-05-01,115.0697
2015-02-01,115.0298
2015-01-01,115.0622
,115.0256
,114.9108
,114.7535
,114.5973
,114.5759
,114.6022
,114.5061
,114.4116
,114.4956
,114.3381
,114.3427
,114.8848
2014-12-12,114.7909
2014-11-12,114.6519
2014-10-12,114.5532
2014-09-12,114.6075
2014-08-12,114.5229
2014-05-12,114.4292
2014-04-12,114.375
2014-03-12,114.3739
2014-02-12,114.3339
2014-01-12,114.0367
,113.8838
,113.6867
,113.6632
,113.6379
,113.5794
,113.5065
,113.4823
,113.4418
,113.4102
,113.3374
,113.1821
,113.1662
2014-12-11,113.2863
2014-11-11,113.233
2014-10-11,113.2158
2014-07-11,113.0631
2014-05-11,113.0
2014-03-11,112.7413
,112.549
,112.3874
,112.2563
,112.18
,112.0815
,111.8628
,111.7859
,111.6753
,111.5184
,111.4989
,111.3032
,111.165
2014-10-10,111.0732
2014-09-10,110.9422
2014-08-10,110.9817
2014-07-10,110.878
2014-01-10,110.6379
,110.6084
,110.6058
,110.5813
,110.4443
,110.4004
,110.361
,110.3306
,110.2016
,110.1537
,110.0495
,109.9902
,109.9641
2014-12-09,109.8922
2014-11-09,109.8546
2014-10-09,109.8244
2014-09-09,109.721
2014-08-09,109.8163
2014-05-09,109.6985
2014-04-09,109.6473
2014-03-09,109.6166
2014-02-09,109.5448
2014-01-09,109.5116
,109.3934
,109.3655
,109.2961
,109.2596
,109.2192
,109.1791
,109.199
,109.1381
,108.9888
,108.9453
2014-12-08,108.8541
2014-11-08,108.8297
2014-08-08,108.7279
2014-07-08,108.7486
2014-06-08,108.6927
2014-05-08,108.7745
2014-04-08,108.8673
2014-01-08,108.7849
,108.8084
,108.7581
,108.7696
,108.7179
,108.6962
,108.5746
,108.4712
,108.3794
,108.2555
,108.2175
,108.1362
,108.0604
,107.9854
2014-11-07,108.1137
2014-10-07,108.4249
2014-09-07,108.4151
2014-08-07,108.3878
2014-07-07,108.3898
2014-04-07,108.3324
2014-03-07,108.2774
2014-02-07,108.251
,108.1211
,108.0211
,108.0195
,107.9552
,107.9086
,107.8791
,107.8502
,107.9016
,107.9489
,107.9426
,107.9536
,107.976
2014-12-06,107.9228
2014-11-06,107.8761
2014-10-06,107.878
2014-09-06,107.8767
2014-06-06,107.7408
2014-05-06,107.6529
2014-04-06,107.5222
2014-03-06,107.4231
2014-02-06,107.236
,107.1905
,107.1021
,107.0496
,107.0365
,106.9784
,106.9316
,106.7537
,106.6686
,106.5899
,106.5839
,106.578
,106.371
,106.2773
2014-12-05,106.283
2014-09-05,106.1508
2014-08-05,106.0486
2014-07-05,106.0297
2014-06-05,106.009
2014-05-05,105.9859
2014-02-05,105.7909
,105.6958
,105.6008
,105.5157
,105.4519
,105.3895
,105.3231
,105.1503
,104.9728
,104.979
,104.8973
2014-11-04,104.7961
2014-10-04,104.7079
2014-09-04,104.6926
2014-07-04,104.6708
2014-04-04,104.6173
2014-03-04,104.6613
2014-02-04,104.6459
,104.7403
,104.6408
,104.4245
,104.3934
,104.4319
,104.3035
,104.2069
,104.0972
,104.0916
,104.0619
,103.9564
,103.9202
2014-12-03,103.8563
2014-11-03,103.8533
2014-10-03,103.746
2014-07-03,103.6353
2014-06-03,103.5859
2014-05-03,103.5515
2014-04-03,103.4922
2014-03-03,103.4879
,103.7646
,103.7081
,103.687
,103.6626
,103.5927
,103.5667
,103.5059
,103.4821
,103.785
,103.7594
2014-12-02,103.7487
2014-11-02,103.7273
2014-10-02,103.7039
2014-07-02,103.6364
2014-06-02,103.6157
2014-05-02,103.5806
2014-04-02,103.5533
2014-03-02,103.5223
,103.4429
,103.4259
,103.4118
,103.6757
,103.6718
,103.6008
,103.5792
,103.5532
,103.5305
,103.4895
,103.4134
,103.3942
,103.7752
,103.721
2014-10-01,103.6477
2014-09-01,103.5989
2014-08-01,103.5945
2014-07-01,103.5881
2014-06-01,103.5815
2014-03-01,103.506
2014-02-01,103.4808
2014-01-01,103.446
,103.3941
,103.6429
,103.5893
,103.5763
,103.534
,103.5236
,103.4584
,103.4336
,103.4075
,103.3699
,103.8019
,103.7247
2013-12-12,103.7351
2013-11-12,103.6643
2013-10-12,103.6308
2013-09-12,103.618
2013-06-12,103.5593
2013-05-12,103.5545
2013-04-12,103.4962
2013-03-12,103.4693
2013-02-12,103.4284
,103.3436
,103.7346
,103.7259
,103.6402
,103.6001
,103.5041
,103.474
,103.4681
,103.4355
,103.396
,103.6701
,103.6314
2013-12-11,103.6068
2013-11-11,103.5975
2013-08-11,103.5326
2013-07-11,103.5073
2013-06-11,103.5239
2013-05-11,103.4962
2013-01-11,103.3966
,103.3858
,103.3571
,103.332
,103.6375
,103.5569
,103.5248
,103.4986
,103.4859
,103.4516
,103.3672
,103.3326
,103.2589
,103.8303
2013-11-10,103.7572
2013-10-10,103.7396
2013-09-10,103.7191
2013-08-10,103.7122
2013-07-10,103.5211
2013-04-10,103.4092
2013-03-10,103.3443
2013-01-10,103.2655
,103.7595
,103.724
,103.6866
,103.6534
,103.6
,103.594
,103.5346
,103.4545
,103.3108
,103.2261
,103.8949
,103.8036
2013-12-09,103.7831
2013-11-09,103.7462
2013-10-09,103.7133
2013-06-09,103.5778
2013-05-09,103.5445
2013-04-09,103.4408
2013-03-09,103.3815
2013-02-09,103.3253
,103.214
,103.1588
,103.4713
,103.4881
,103.4776
,103.3768
,103.3345
,103.3135
,103.2086
,103.207
,103.1558
,103.364
,103.3152
2013-12-08,103.2958
2013-08-08,103.2116
2013-07-08,103.1785
2013-06-08,103.1471
2013-05-08,103.1389
2013-02-08,103.0101
2013-01-08,102.9596
,102.9055
,102.8875
,102.8554
,102.7573
,102.6991
,102.6244
,102.8344
,102.9274
,102.8672
,102.8496
,102.7023
,102.6046
,103.4995
2013-12-07,103.4314
2013-11-07,103.4083
2013-10-07,103.3886
2013-09-07,103.368
2013-08-07,103.3431
2013-05-07,103.2854
2013-04-07,103.265
2013-03-07,103.2267
2013-02-07,103.2075
,103.4072
,103.3957
,103.3772
,103.3595
,103.3469
,103.2992
,103.2642
,103.2602
,103.221
,103.154
,103.4267
,103.4056
2013-12-06,103.3913
2013-11-06,103.3832
2013-10-06,103.3704
2013-07-06,103.3194
2013-06-06,103.2957
2013-05-06,103.2598
2013-04-06,103.225
2013-03-06,103.1984
,103.1296
,103.1152
,103.0877
,103.3617
,103.349
,103.2834
,103.2705
,103.2698
,103.2444
,103.2356
,103.1745
,103.141
,103.113
,103.5159
,103.4824
2013-10-05,103.4157
2013-09-05,103.3949
2013-08-05,103.3404
2013-07-05,103.3087
2013-06-05,103.2821
2013-03-05,103.2082
2013-02-05,103.2057
,103.0655
,103.3845
,103.3139
,103.2947
,103.2481
,103.216
,103.1589
,103.0866
,103.0719
,103.6711
2013-12-04,103.5704
2013-10-04,103.4653
2013-09-04,103.4716
2013-08-04,103.462
2013-05-04,103.4164
2013-04-04,103.4096
2013-03-04,103.3274
2013-02-04,103.2626
,103.2633
,103.2285
,103.2114
,103.1891
,103.157
,103.1016
,103.0632
,103.0355
,102.9975
,103.34
,103.2884
2013-12-03,103.251
2013-11-03,103.2199
2013-08-03,103.1462
2013-07-03,103.129
2013-06-03,103.1012
2013-05-03,103.0786
2013-04-03,103.0478
2013-01-03,102.9714
,103.254
,103.2322
,103.2097
,103.1919
,103.1226
,103.0965
,103.0725
,103.0229
,102.9522
,103.2937
,103.2745
2013-12-02,103.2523
2013-11-02,103.2303
2013-08-02,103.1594
2013-07-02,103.1356
2013-06-02,103.1119
2013-05-02,103.0886
2013-04-02,103.0659
2013-01-02,102.9976
,102.9778
,102.959
,102.9384
,103.2351
,103.1411
,103.1145
,103.0909
,103.0662
,102.9932
,102.9691
,102.9421
,102.9223
,103.3225
2013-11-01,103.2385
2013-10-01,103.2132
2013-09-01,103.1897
2013-08-01,103.1663
2013-07-01,103.1408
2013-04-01,103.0619
2013-03-01,103.0306
2013-02-01,103.0059
